Hall B RICH Hardware Interlock System EPICS Interface - S1 EP,,,,,,,
PV #,Group #,Signal Category,LabVIEW_Signal_Name,Access Type,Data Type,EPICS Process Variable (PV),Units
1,1,Internal Status Monitoring,RICH EPICS S1 EP Humidity 1,Read Only,Double,B_DET_RICH_INTLK_S1_EP_HUMID1,%
2,2,,RICH EPICS S1 EP Humidity 2,Read Only,Double,B_DET_RICH_INTLK_S1_EP_HUMID2,%
3,3,,RICH EPICS S1 EP Humidity 3,Read Only,Double,B_DET_RICH_INTLK_S1_EP_HUMID3,%
4,4,,RICH EPICS S1 EP Humidity 4,Read Only,Double,B_DET_RICH_INTLK_S1_EP_HUMID4,%
5,5,,RICH EPICS S1 EP Humidity 5,Read Only,Double,B_DET_RICH_INTLK_S1_EP_HUMID5,%
6,6,,RICH EPICS S1 EP Humidity 6,Read Only,Double,B_DET_RICH_INTLK_S1_EP_HUMID6,%
7,7,,RICH EPICS S1 EP Humidity 7,Read Only,Double,B_DET_RICH_INTLK_S1_EP_HUMID7,%
8,8,,RICH EPICS S1 EP Humidity 8,Read Only,Double,B_DET_RICH_INTLK_S1_EP_HUMID8,%
9,9,,RICH EPICS S1 EP Humidity 9,Read Only,Double,B_DET_RICH_INTLK_S1_EP_HUMID9,%
10,10,,RICH EPICS S1 EP Humidity 10,Read Only,Double,B_DET_RICH_INTLK_S1_EP_HUMID10,%
11,11,,RICH EPICS S1 EP Humidity 11,Read Only,Double,B_DET_RICH_INTLK_S1_EP_HUMID11,%
12,12,,RICH EPICS S1 EP Humidity 12,Read Only,Double,B_DET_RICH_INTLK_S1_EP_HUMID12,%
13,13,,RICH EPICS S1 EP Humidity 13,Read Only,Double,B_DET_RICH_INTLK_S1_EP_HUMID13,%
14,14,,RICH EPICS S1 EP Humidity 14,Read Only,Double,B_DET_RICH_INTLK_S1_EP_HUMID14,%
15,15,,RICH EPICS S1 EP Humidity 15,Read Only,Double,B_DET_RICH_INTLK_S1_EP_HUMID15,%
16,16,,RICH EPICS S1 EP Humidity 16,Read Only,Double,B_DET_RICH_INTLK_S1_EP_HUMID16,%
17,17,,RICH EPICS S1 EP Temp 1,Read Only,Double,B_DET_RICH_INTLK_S1_EP_TEMP1,°C
18,18,,RICH EPICS S1 EP Temp 2,Read Only,Double,B_DET_RICH_INTLK_S1_EP_TEMP2,°C
19,19,,RICH EPICS S1 EP Temp 3,Read Only,Double,B_DET_RICH_INTLK_S1_EP_TEMP3,°C
20,20,,RICH EPICS S1 EP Temp 4,Read Only,Double,B_DET_RICH_INTLK_S1_EP_TEMP4,°C
21,21,,RICH EPICS S1 EP Temp 5,Read Only,Double,B_DET_RICH_INTLK_S1_EP_TEMP5,°C
22,22,,RICH EPICS S1 EP Temp 6,Read Only,Double,B_DET_RICH_INTLK_S1_EP_TEMP6,°C
23,23,,RICH EPICS S1 EP Temp 7,Read Only,Double,B_DET_RICH_INTLK_S1_EP_TEMP7,°C
24,24,,RICH EPICS S1 EP Temp 8,Read Only,Double,B_DET_RICH_INTLK_S1_EP_TEMP8,°C
25,25,,RICH EPICS S1 EP Temp 9,Read Only,Double,B_DET_RICH_INTLK_S1_EP_TEMP9,°C
26,26,,RICH EPICS S1 EP Temp 10,Read Only,Double,B_DET_RICH_INTLK_S1_EP_TEMP10,°C
27,27,,RICH EPICS S1 EP Temp 11,Read Only,Double,B_DET_RICH_INTLK_S1_EP_TEMP11,°C
28,28,,RICH EPICS S1 EP Temp 12,Read Only,Double,B_DET_RICH_INTLK_S1_EP_TEMP12,°C
29,29,,RICH EPICS S1 EP Temp 13,Read Only,Double,B_DET_RICH_INTLK_S1_EP_TEMP13,°C
30,30,,RICH EPICS S1 EP Temp 14,Read Only,Double,B_DET_RICH_INTLK_S1_EP_TEMP14,°C
31,31,,RICH EPICS S1 EP Temp 15,Read Only,Double,B_DET_RICH_INTLK_S1_EP_TEMP15,°C
32,32,,RICH EPICS S1 EP Temp 16,Read Only,Double,B_DET_RICH_INTLK_S1_EP_TEMP16,°C
33,1,Individual Sensor Interlock Status,RICH EPICS S1 EP Humidity 1 Hi Status,Read Only,Boolean,B_DET_RICH_INTLK_S1_EP_HUMID1_HI_STAT,N/A
34,2,,RICH EPICS S1 EP Humidity 2 Hi Status,Read Only,Boolean,B_DET_RICH_INTLK_S1_EP_HUMID2_HI_STAT,N/A
35,3,,RICH EPICS S1 EP Humidity 3 Hi Status,Read Only,Boolean,B_DET_RICH_INTLK_S1_EP_HUMID3_HI_STAT,N/A
36,4,,RICH EPICS S1 EP Humidity 4 Hi Status,Read Only,Boolean,B_DET_RICH_INTLK_S1_EP_HUMID4_HI_STAT,N/A
37,5,,RICH EPICS S1 EP Humidity 5 Hi Status,Read Only,Boolean,B_DET_RICH_INTLK_S1_EP_HUMID5_HI_STAT,N/A
38,6,,RICH EPICS S1 EP Humidity 6 Hi Status,Read Only,Boolean,B_DET_RICH_INTLK_S1_EP_HUMID6_HI_STAT,N/A
39,7,,RICH EPICS S1 EP Humidity 7 Hi Status,Read Only,Boolean,B_DET_RICH_INTLK_S1_EP_HUMID7_HI_STAT,N/A
40,8,,RICH EPICS S1 EP Humidity 8 Hi Status,Read Only,Boolean,B_DET_RICH_INTLK_S1_EP_HUMID8_HI_STAT,N/A
41,9,,RICH EPICS S1 EP Humidity 9 Hi Status,Read Only,Boolean,B_DET_RICH_INTLK_S1_EP_HUMID9_HI_STAT,N/A
42,10,,RICH EPICS S1 EP Humidity 10 Hi Status,Read Only,Boolean,B_DET_RICH_INTLK_S1_EP_HUMID10_HI_STAT,N/A
43,11,,RICH EPICS S1 EP Humidity 11 Hi Status,Read Only,Boolean,B_DET_RICH_INTLK_S1_EP_HUMID11_HI_STAT,N/A
44,12,,RICH EPICS S1 EP Humidity 12 Hi Status,Read Only,Boolean,B_DET_RICH_INTLK_S1_EP_HUMID12_HI_STAT,N/A
45,13,,RICH EPICS S1 EP Humidity 13 Hi Status,Read Only,Boolean,B_DET_RICH_INTLK_S1_EP_HUMID13_HI_STAT,N/A
46,14,,RICH EPICS S1 EP Humidity 14 Hi Status,Read Only,Boolean,B_DET_RICH_INTLK_S1_EP_HUMID14_HI_STAT,N/A
47,15,,RICH EPICS S1 EP Humidity 15 Hi Status,Read Only,Boolean,B_DET_RICH_INTLK_S1_EP_HUMID15_HI_STAT,N/A
48,16,,RICH EPICS S1 EP Humidity 16 Hi Status,Read Only,Boolean,B_DET_RICH_INTLK_S1_EP_HUMID16_HI_STAT,N/A
49,17,,RICH EPICS S1 EP Temp 1 Hi Status,Read Only,Boolean,B_DET_RICH_INTLK_S1_EP_TEMP1_HI_STAT,N/A
50,18,,RICH EPICS S1 EP Temp 2 Hi Status,Read Only,Boolean,B_DET_RICH_INTLK_S1_EP_TEMP2_HI_STAT,N/A
51,19,,RICH EPICS S1 EP Temp 3 Hi Status,Read Only,Boolean,B_DET_RICH_INTLK_S1_EP_TEMP3_HI_STAT,N/A
52,20,,RICH EPICS S1 EP Temp 4 Hi Status,Read Only,Boolean,B_DET_RICH_INTLK_S1_EP_TEMP4_HI_STAT,N/A
53,21,,RICH EPICS S1 EP Temp 5 Hi Status,Read Only,Boolean,B_DET_RICH_INTLK_S1_EP_TEMP5_HI_STAT,N/A
54,22,,RICH EPICS S1 EP Temp 6 Hi Status,Read Only,Boolean,B_DET_RICH_INTLK_S1_EP_TEMP6_HI_STAT,N/A
55,23,,RICH EPICS S1 EP Temp 7 Hi Status,Read Only,Boolean,B_DET_RICH_INTLK_S1_EP_TEMP7_HI_STAT,N/A
56,24,,RICH EPICS S1 EP Temp 8 Hi Status,Read Only,Boolean,B_DET_RICH_INTLK_S1_EP_TEMP8_HI_STAT,N/A
57,25,,RICH EPICS S1 EP Temp 9 Hi Status,Read Only,Boolean,B_DET_RICH_INTLK_S1_EP_TEMP9_HI_STAT,N/A
58,26,,RICH EPICS S1 EP Temp 10 Hi Status,Read Only,Boolean,B_DET_RICH_INTLK_S1_EP_TEMP10_HI_STAT,N/A
59,27,,RICH EPICS S1 EP Temp 11 Hi Status,Read Only,Boolean,B_DET_RICH_INTLK_S1_EP_TEMP11_HI_STAT,N/A
60,28,,RICH EPICS S1 EP Temp 12 Hi Status,Read Only,Boolean,B_DET_RICH_INTLK_S1_EP_TEMP12_HI_STAT,N/A
61,29,,RICH EPICS S1 EP Temp 13 Hi Status,Read Only,Boolean,B_DET_RICH_INTLK_S1_EP_TEMP13_HI_STAT,N/A
62,30,,RICH EPICS S1 EP Temp 14 Hi Status,Read Only,Boolean,B_DET_RICH_INTLK_S1_EP_TEMP14_HI_STAT,N/A
63,31,,RICH EPICS S1 EP Temp 15 Hi Status,Read Only,Boolean,B_DET_RICH_INTLK_S1_EP_TEMP15_HI_STAT,N/A
64,32,,RICH EPICS S1 EP Temp 16 Hi Status,Read Only,Boolean,B_DET_RICH_INTLK_S1_EP_TEMP16_HI_STAT,N/A
65,33,,RICH EPICS S1 EP Humidity 1 Lo Status,Read Only,Boolean,B_DET_RICH_INTLK_S1_EP_HUMID1_LO_STAT,N/A
66,34,,RICH EPICS S1 EP Humidity 2 Lo Status,Read Only,Boolean,B_DET_RICH_INTLK_S1_EP_HUMID2_LO_STAT,N/A
67,35,,RICH EPICS S1 EP Humidity 3 Lo Status,Read Only,Boolean,B_DET_RICH_INTLK_S1_EP_HUMID3_LO_STAT,N/A
68,36,,RICH EPICS S1 EP Humidity 4 Lo Status,Read Only,Boolean,B_DET_RICH_INTLK_S1_EP_HUMID4_LO_STAT,N/A
69,37,,RICH EPICS S1 EP Humidity 5 Lo Status,Read Only,Boolean,B_DET_RICH_INTLK_S1_EP_HUMID5_LO_STAT,N/A
70,38,,RICH EPICS S1 EP Humidity 6 Lo Status,Read Only,Boolean,B_DET_RICH_INTLK_S1_EP_HUMID6_LO_STAT,N/A
71,39,,RICH EPICS S1 EP Humidity 7 Lo Status,Read Only,Boolean,B_DET_RICH_INTLK_S1_EP_HUMID7_LO_STAT,N/A
72,40,,RICH EPICS S1 EP Humidity 8 Lo Status,Read Only,Boolean,B_DET_RICH_INTLK_S1_EP_HUMID8_LO_STAT,N/A
73,41,,RICH EPICS S1 EP Humidity 9 Lo Status,Read Only,Boolean,B_DET_RICH_INTLK_S1_EP_HUMID9_LO_STAT,N/A
74,42,,RICH EPICS S1 EP Humidity 10 Lo Status,Read Only,Boolean,B_DET_RICH_INTLK_S1_EP_HUMID10_LO_STAT,N/A
75,43,,RICH EPICS S1 EP Humidity 11 Lo Status,Read Only,Boolean,B_DET_RICH_INTLK_S1_EP_HUMID11_LO_STAT,N/A
76,44,,RICH EPICS S1 EP Humidity 12 Lo Status,Read Only,Boolean,B_DET_RICH_INTLK_S1_EP_HUMID12_LO_STAT,N/A
77,45,,RICH EPICS S1 EP Humidity 13 Lo Status,Read Only,Boolean,B_DET_RICH_INTLK_S1_EP_HUMID13_LO_STAT,N/A
78,46,,RICH EPICS S1 EP Humidity 14 Lo Status,Read Only,Boolean,B_DET_RICH_INTLK_S1_EP_HUMID14_LO_STAT,N/A
79,47,,RICH EPICS S1 EP Humidity 15 Lo Status,Read Only,Boolean,B_DET_RICH_INTLK_S1_EP_HUMID15_LO_STAT,N/A
80,48,,RICH EPICS S1 EP Humidity 16 Lo Status,Read Only,Boolean,B_DET_RICH_INTLK_S1_EP_HUMID16_LO_STAT,N/A
81,49,,RICH EPICS S1 EP Temp 1 Lo Status,Read Only,Boolean,B_DET_RICH_INTLK_S1_EP_TEMP1_LO_STAT,N/A
82,50,,RICH EPICS S1 EP Temp 2 Lo Status,Read Only,Boolean,B_DET_RICH_INTLK_S1_EP_TEMP2_LO_STAT,N/A
83,51,,RICH EPICS S1 EP Temp 3 Lo Status,Read Only,Boolean,B_DET_RICH_INTLK_S1_EP_TEMP3_LO_STAT,N/A
84,52,,RICH EPICS S1 EP Temp 4 Lo Status,Read Only,Boolean,B_DET_RICH_INTLK_S1_EP_TEMP4_LO_STAT,N/A
85,53,,RICH EPICS S1 EP Temp 5 Lo Status,Read Only,Boolean,B_DET_RICH_INTLK_S1_EP_TEMP5_LO_STAT,N/A
86,54,,RICH EPICS S1 EP Temp 6 Lo Status,Read Only,Boolean,B_DET_RICH_INTLK_S1_EP_TEMP6_LO_STAT,N/A
87,55,,RICH EPICS S1 EP Temp 7 Lo Status,Read Only,Boolean,B_DET_RICH_INTLK_S1_EP_TEMP7_LO_STAT,N/A
88,56,,RICH EPICS S1 EP Temp 8 Lo Status,Read Only,Boolean,B_DET_RICH_INTLK_S1_EP_TEMP8_LO_STAT,N/A
89,57,,RICH EPICS S1 EP Temp 9 Lo Status,Read Only,Boolean,B_DET_RICH_INTLK_S1_EP_TEMP9_LO_STAT,N/A
90,58,,RICH EPICS S1 EP Temp 10 Lo Status,Read Only,Boolean,B_DET_RICH_INTLK_S1_EP_TEMP10_LO_STAT,N/A
91,59,,RICH EPICS S1 EP Temp 11 Lo Status,Read Only,Boolean,B_DET_RICH_INTLK_S1_EP_TEMP11_LO_STAT,N/A
92,60,,RICH EPICS S1 EP Temp 12 Lo Status,Read Only,Boolean,B_DET_RICH_INTLK_S1_EP_TEMP12_LO_STAT,N/A
93,61,,RICH EPICS S1 EP Temp 13 Lo Status,Read Only,Boolean,B_DET_RICH_INTLK_S1_EP_TEMP13_LO_STAT,N/A
94,62,,RICH EPICS S1 EP Temp 14 Lo Status,Read Only,Boolean,B_DET_RICH_INTLK_S1_EP_TEMP14_LO_STAT,N/A
95,63,,RICH EPICS S1 EP Temp 15 Lo Status,Read Only,Boolean,B_DET_RICH_INTLK_S1_EP_TEMP15_LO_STAT,N/A
96,64,,RICH EPICS S1 EP Temp 16 Lo Status,Read Only,Boolean,B_DET_RICH_INTLK_S1_EP_TEMP16_LO_STAT,N/A
97,1,Sum of Any Interlock Status,RICHCRIO:RICH_EPICS:RICH_EPICS_Any_Interlock_Over_Limit?,Read Only,Boolean,B_DET_RICH_INTLK_S1_EP_ANY_OVERLIMIT,N/A
98,1,Sum of Humidity Status,RICHCRIO:RICH_EPICS:RICH_EPICS_Humidity_Status,Read Only,Boolean,B_DET_RICH_INTLK_S1_EP_HUMID_STATUS,N/A
99,1,Sum of Temperature Status,RICHCRIO:RICH_EPICS:RICH_EPICS_Temperature_Status,Read Only,Boolean,B_DET_RICH_INTLK_S1_EP_TEMP_STATUS,N/A
100,1,Individual Sensor Latched Errors,RICH EPICS S1 EP Humidity 1 Hi Latched Error,Read Only,Boolean,B_DET_RICH_INTLK_S1_EP_HUMID1_LATCHED_HI_ERR,N/A
101,2,,RICH EPICS S1 EP Humidity 2 Hi Latched Error,Read Only,Boolean,B_DET_RICH_INTLK_S1_EP_HUMID2_LATCHED_HI_ERR,N/A
102,3,,RICH EPICS S1 EP Humidity 3 Hi Latched Error,Read Only,Boolean,B_DET_RICH_INTLK_S1_EP_HUMID3_LATCHED_HI_ERR,N/A
103,4,,RICH EPICS S1 EP Humidity 4 Hi Latched Error,Read Only,Boolean,B_DET_RICH_INTLK_S1_EP_HUMID4_LATCHED_HI_ERR,N/A
104,5,,RICH EPICS S1 EP Humidity 5 Hi Latched Error,Read Only,Boolean,B_DET_RICH_INTLK_S1_EP_HUMID5_LATCHED_HI_ERR,N/A
105,6,,RICH EPICS S1 EP Humidity 6 Hi Latched Error,Read Only,Boolean,B_DET_RICH_INTLK_S1_EP_HUMID6_LATCHED_HI_ERR,N/A
106,7,,RICH EPICS S1 EP Humidity 7 Hi Latched Error,Read Only,Boolean,B_DET_RICH_INTLK_S1_EP_HUMID7_LATCHED_HI_ERR,N/A
107,8,,RICH EPICS S1 EP Humidity 8 Hi Latched Error,Read Only,Boolean,B_DET_RICH_INTLK_S1_EP_HUMID8_LATCHED_HI_ERR,N/A
108,9,,RICH EPICS S1 EP Humidity 9 Hi Latched Error,Read Only,Boolean,B_DET_RICH_INTLK_S1_EP_HUMID9_LATCHED_HI_ERR,N/A
109,10,,RICH EPICS S1 EP Humidity 10 Hi Latched Error,Read Only,Boolean,B_DET_RICH_INTLK_S1_EP_HUMID10_LATCHED_HI_ERR,N/A
110,11,,RICH EPICS S1 EP Humidity 11 Hi Latched Error,Read Only,Boolean,B_DET_RICH_INTLK_S1_EP_HUMID11_LATCHED_HI_ERR,N/A
111,12,,RICH EPICS S1 EP Humidity 12 Hi Latched Error,Read Only,Boolean,B_DET_RICH_INTLK_S1_EP_HUMID12_LATCHED_HI_ERR,N/A
112,13,,RICH EPICS S1 EP Humidity 13 Hi Latched Error,Read Only,Boolean,B_DET_RICH_INTLK_S1_EP_HUMID13_LATCHED_HI_ERR,N/A
113,14,,RICH EPICS S1 EP Humidity 14 Hi Latched Error,Read Only,Boolean,B_DET_RICH_INTLK_S1_EP_HUMID14_LATCHED_HI_ERR,N/A
114,15,,RICH EPICS S1 EP Humidity 15 Hi Latched Error,Read Only,Boolean,B_DET_RICH_INTLK_S1_EP_HUMID15_LATCHED_HI_ERR,N/A
115,16,,RICH EPICS S1 EP Humidity 16 Hi Latched Error,Read Only,Boolean,B_DET_RICH_INTLK_S1_EP_HUMID16_LATCHED_HI_ERR,N/A
116,17,,RICH EPICS S1 EP Temp 1 Hi Latched Error,Read Only,Boolean,B_DET_RICH_INTLK_S1_EP_TEMP1_LATCHED_HI_ERR,N/A
117,18,,RICH EPICS S1 EP Temp 2 Hi Latched Error,Read Only,Boolean,B_DET_RICH_INTLK_S1_EP_TEMP2_LATCHED_HI_ERR,N/A
118,19,,RICH EPICS S1 EP Temp 3 Hi Latched Error,Read Only,Boolean,B_DET_RICH_INTLK_S1_EP_TEMP3_LATCHED_HI_ERR,N/A
119,20,,RICH EPICS S1 EP Temp 4 Hi Latched Error,Read Only,Boolean,B_DET_RICH_INTLK_S1_EP_TEMP4_LATCHED_HI_ERR,N/A
120,21,,RICH EPICS S1 EP Temp 5 Hi Latched Error,Read Only,Boolean,B_DET_RICH_INTLK_S1_EP_TEMP5_LATCHED_HI_ERR,N/A
121,22,,RICH EPICS S1 EP Temp 6 Hi Latched Error,Read Only,Boolean,B_DET_RICH_INTLK_S1_EP_TEMP6_LATCHED_HI_ERR,N/A
122,23,,RICH EPICS S1 EP Temp 7 Hi Latched Error,Read Only,Boolean,B_DET_RICH_INTLK_S1_EP_TEMP7_LATCHED_HI_ERR,N/A
123,24,,RICH EPICS S1 EP Temp 8 Hi Latched Error,Read Only,Boolean,B_DET_RICH_INTLK_S1_EP_TEMP8_LATCHED_HI_ERR,N/A
124,25,,RICH EPICS S1 EP Temp 9 Hi Latched Error,Read Only,Boolean,B_DET_RICH_INTLK_S1_EP_TEMP9_LATCHED_HI_ERR,N/A
125,26,,RICH EPICS S1 EP Temp 10 Hi Latched Error,Read Only,Boolean,B_DET_RICH_INTLK_S1_EP_TEMP10_LATCHED_HI_ERR,N/A
126,27,,RICH EPICS S1 EP Temp 11 Hi Latched Error,Read Only,Boolean,B_DET_RICH_INTLK_S1_EP_TEMP11_LATCHED_HI_ERR,N/A
127,28,,RICH EPICS S1 EP Temp 12 Hi Latched Error,Read Only,Boolean,B_DET_RICH_INTLK_S1_EP_TEMP12_LATCHED_HI_ERR,N/A
128,29,,RICH EPICS S1 EP Temp 13 Hi Latched Error,Read Only,Boolean,B_DET_RICH_INTLK_S1_EP_TEMP13_LATCHED_HI_ERR,N/A
129,30,,RICH EPICS S1 EP Temp 14 Hi Latched Error,Read Only,Boolean,B_DET_RICH_INTLK_S1_EP_TEMP14_LATCHED_HI_ERR,N/A
130,31,,RICH EPICS S1 EP Temp 15 Hi Latched Error,Read Only,Boolean,B_DET_RICH_INTLK_S1_EP_TEMP15_LATCHED_HI_ERR,N/A
131,32,,RICH EPICS S1 EP Temp 16 Hi Latched Error,Read Only,Boolean,B_DET_RICH_INTLK_S1_EP_TEMP16_LATCHED_HI_ERR,N/A
132,33,,RICH EPICS S1 EP Humidity 1 Lo Latched Error,Read Only,Boolean,B_DET_RICH_INTLK_S1_EP_HUMID1_LATCHED_LO_ERR,N/A
133,34,,RICH EPICS S1 EP Humidity 2 Lo Latched Error,Read Only,Boolean,B_DET_RICH_INTLK_S1_EP_HUMID2_LATCHED_LO_ERR,N/A
134,35,,RICH EPICS S1 EP Humidity 3 Lo Latched Error,Read Only,Boolean,B_DET_RICH_INTLK_S1_EP_HUMID3_LATCHED_LO_ERR,N/A
135,36,,RICH EPICS S1 EP Humidity 4 Lo Latched Error,Read Only,Boolean,B_DET_RICH_INTLK_S1_EP_HUMID4_LATCHED_LO_ERR,N/A
136,37,,RICH EPICS S1 EP Humidity 5 Lo Latched Error,Read Only,Boolean,B_DET_RICH_INTLK_S1_EP_HUMID5_LATCHED_LO_ERR,N/A
137,38,,RICH EPICS S1 EP Humidity 6 Lo Latched Error,Read Only,Boolean,B_DET_RICH_INTLK_S1_EP_HUMID6_LATCHED_LO_ERR,N/A
138,39,,RICH EPICS S1 EP Humidity 7 Lo Latched Error,Read Only,Boolean,B_DET_RICH_INTLK_S1_EP_HUMID7_LATCHED_LO_ERR,N/A
139,40,,RICH EPICS S1 EP Humidity 8 Lo Latched Error,Read Only,Boolean,B_DET_RICH_INTLK_S1_EP_HUMID8_LATCHED_LO_ERR,N/A
140,41,,RICH EPICS S1 EP Humidity 9 Lo Latched Error,Read Only,Boolean,B_DET_RICH_INTLK_S1_EP_HUMID9_LATCHED_LO_ERR,N/A
141,42,,RICH EPICS S1 EP Humidity 10 Lo Latched Error,Read Only,Boolean,B_DET_RICH_INTLK_S1_EP_HUMID10_LATCHED_LO_ERR,N/A
142,43,,RICH EPICS S1 EP Humidity 11 Lo Latched Error,Read Only,Boolean,B_DET_RICH_INTLK_S1_EP_HUMID11_LATCHED_LO_ERR,N/A
143,44,,RICH EPICS S1 EP Humidity 12 Lo Latched Error,Read Only,Boolean,B_DET_RICH_INTLK_S1_EP_HUMID12_LATCHED_LO_ERR,N/A
144,45,,RICH EPICS S1 EP Humidity 13 Lo Latched Error,Read Only,Boolean,B_DET_RICH_INTLK_S1_EP_HUMID13_LATCHED_LO_ERR,N/A
145,46,,RICH EPICS S1 EP Humidity 14 Lo Latched Error,Read Only,Boolean,B_DET_RICH_INTLK_S1_EP_HUMID14_LATCHED_LO_ERR,N/A
146,47,,RICH EPICS S1 EP Humidity 15 Lo Latched Error,Read Only,Boolean,B_DET_RICH_INTLK_S1_EP_HUMID15_LATCHED_LO_ERR,N/A
147,48,,RICH EPICS S1 EP Humidity 16 Lo Latched Error,Read Only,Boolean,B_DET_RICH_INTLK_S1_EP_HUMID16_LATCHED_LO_ERR,N/A
148,49,,RICH EPICS S1 EP Temp 1 Lo Latched Error,Read Only,Boolean,B_DET_RICH_INTLK_S1_EP_TEMP1_LATCHED_LO_ERR,N/A
149,50,,RICH EPICS S1 EP Temp 2 Lo Latched Error,Read Only,Boolean,B_DET_RICH_INTLK_S1_EP_TEMP2_LATCHED_LO_ERR,N/A
150,51,,RICH EPICS S1 EP Temp 3 Lo Latched Error,Read Only,Boolean,B_DET_RICH_INTLK_S1_EP_TEMP3_LATCHED_LO_ERR,N/A
151,52,,RICH EPICS S1 EP Temp 4 Lo Latched Error,Read Only,Boolean,B_DET_RICH_INTLK_S1_EP_TEMP4_LATCHED_LO_ERR,N/A
152,53,,RICH EPICS S1 EP Temp 5 Lo Latched Error,Read Only,Boolean,B_DET_RICH_INTLK_S1_EP_TEMP5_LATCHED_LO_ERR,N/A
153,54,,RICH EPICS S1 EP Temp 6 Lo Latched Error,Read Only,Boolean,B_DET_RICH_INTLK_S1_EP_TEMP6_LATCHED_LO_ERR,N/A
154,55,,RICH EPICS S1 EP Temp 7 Lo Latched Error,Read Only,Boolean,B_DET_RICH_INTLK_S1_EP_TEMP7_LATCHED_LO_ERR,N/A
155,56,,RICH EPICS S1 EP Temp 8 Lo Latched Error,Read Only,Boolean,B_DET_RICH_INTLK_S1_EP_TEMP8_LATCHED_LO_ERR,N/A
156,57,,RICH EPICS S1 EP Temp 9 Lo Latched Error,Read Only,Boolean,B_DET_RICH_INTLK_S1_EP_TEMP9_LATCHED_LO_ERR,N/A
157,58,,RICH EPICS S1 EP Temp 10 Lo Latched Error,Read Only,Boolean,B_DET_RICH_INTLK_S1_EP_TEMP10_LATCHED_LO_ERR,N/A
158,59,,RICH EPICS S1 EP Temp 11 Lo Latched Error,Read Only,Boolean,B_DET_RICH_INTLK_S1_EP_TEMP11_LATCHED_LO_ERR,N/A
159,60,,RICH EPICS S1 EP Temp 12 Lo Latched Error,Read Only,Boolean,B_DET_RICH_INTLK_S1_EP_TEMP12_LATCHED_LO_ERR,N/A
160,61,,RICH EPICS S1 EP Temp 13 Lo Latched Error,Read Only,Boolean,B_DET_RICH_INTLK_S1_EP_TEMP13_LATCHED_LO_ERR,N/A
161,62,,RICH EPICS S1 EP Temp 14 Lo Latched Error,Read Only,Boolean,B_DET_RICH_INTLK_S1_EP_TEMP14_LATCHED_LO_ERR,N/A
162,63,,RICH EPICS S1 EP Temp 15 Lo Latched Error,Read Only,Boolean,B_DET_RICH_INTLK_S1_EP_TEMP15_LATCHED_LO_ERR,N/A
163,64,,RICH EPICS S1 EP Temp 16 Lo Latched Error,Read Only,Boolean,B_DET_RICH_INTLK_S1_EP_TEMP16_LATCHED_LO_ERR,N/A
164,1,Reset of All Latched Errors,RICH EPICS S1 EP Reset Latched Errors,Read Only,Boolean,B_DET_RICH_INTLK_S1_EP_RESET_LATCHED_ERR,N/A
165,1,Sum of Humidity Latched Errors,RICH EPICS S1 EP Humidity Latched Errors,Read Only,Boolean,B_DET_RICH_INTLK_S1_EP_HUMID_LATCHED_ERR,N/A
166,1,Sum of Temperature Latched Errors,RICH EPICS S1 EP Temp Latched Errors,Read Only,Boolean,B_DET_RICH_INTLK_S1_EP_TEMP_LATCHED_ERR,N/A
167,1,Individual Sensor Interlock Enables,RICH EPICS S1 EP Humidity 1 Sensor Enable,Read/Write,Boolean,B_DET_RICH_INTLK_S1_EP_HUMID1_ENABLE,N/A
168,2,,RICH EPICS S1 EP Humidity 2 Sensor Enable,Read/Write,Boolean,B_DET_RICH_INTLK_S1_EP_HUMID2_ENABLE,N/A
169,3,,RICH EPICS S1 EP Humidity 3 Sensor Enable,Read/Write,Boolean,B_DET_RICH_INTLK_S1_EP_HUMID3_ENABLE,N/A
170,4,,RICH EPICS S1 EP Humidity 4 Sensor Enable,Read/Write,Boolean,B_DET_RICH_INTLK_S1_EP_HUMID4_ENABLE,N/A
171,5,,RICH EPICS S1 EP Humidity 5 Sensor Enable,Read/Write,Boolean,B_DET_RICH_INTLK_S1_EP_HUMID5_ENABLE,N/A
172,6,,RICH EPICS S1 EP Humidity 6 Sensor Enable,Read/Write,Boolean,B_DET_RICH_INTLK_S1_EP_HUMID6_ENABLE,N/A
173,7,,RICH EPICS S1 EP Humidity 7 Sensor Enable,Read/Write,Boolean,B_DET_RICH_INTLK_S1_EP_HUMID7_ENABLE,N/A
174,8,,RICH EPICS S1 EP Humidity 8 Sensor Enable,Read/Write,Boolean,B_DET_RICH_INTLK_S1_EP_HUMID8_ENABLE,N/A
175,9,,RICH EPICS S1 EP Humidity 9 Sensor Enable,Read/Write,Boolean,B_DET_RICH_INTLK_S1_EP_HUMID9_ENABLE,N/A
176,10,,RICH EPICS S1 EP Humidity 10 Sensor Enable,Read/Write,Boolean,B_DET_RICH_INTLK_S1_EP_HUMID10_ENABLE,N/A
177,11,,RICH EPICS S1 EP Humidity 11 Sensor Enable,Read/Write,Boolean,B_DET_RICH_INTLK_S1_EP_HUMID11_ENABLE,N/A
178,12,,RICH EPICS S1 EP Humidity 12 Sensor Enable,Read/Write,Boolean,B_DET_RICH_INTLK_S1_EP_HUMID12_ENABLE,N/A
179,13,,RICH EPICS S1 EP Humidity 13 Sensor Enable,Read/Write,Boolean,B_DET_RICH_INTLK_S1_EP_HUMID13_ENABLE,N/A
180,14,,RICH EPICS S1 EP Humidity 14 Sensor Enable,Read/Write,Boolean,B_DET_RICH_INTLK_S1_EP_HUMID14_ENABLE,N/A
181,15,,RICH EPICS S1 EP Humidity 15 Sensor Enable,Read/Write,Boolean,B_DET_RICH_INTLK_S1_EP_HUMID15_ENABLE,N/A
182,16,,RICH EPICS S1 EP Humidity 16 Sensor Enable,Read/Write,Boolean,B_DET_RICH_INTLK_S1_EP_HUMID16_ENABLE,N/A
183,17,,RICH EPICS S1 EP Temp 1 Sensor Enable,Read/Write,Boolean,B_DET_RICH_INTLK_S1_EP_TEMP1_ENABLE,N/A
184,18,,RICH EPICS S1 EP Temp 2 Sensor Enable,Read/Write,Boolean,B_DET_RICH_INTLK_S1_EP_TEMP2_ENABLE,N/A
185,19,,RICH EPICS S1 EP Temp 3 Sensor Enable,Read/Write,Boolean,B_DET_RICH_INTLK_S1_EP_TEMP3_ENABLE,N/A
186,20,,RICH EPICS S1 EP Temp 4 Sensor Enable,Read/Write,Boolean,B_DET_RICH_INTLK_S1_EP_TEMP4_ENABLE,N/A
187,21,,RICH EPICS S1 EP Temp 5 Sensor Enable,Read/Write,Boolean,B_DET_RICH_INTLK_S1_EP_TEMP5_ENABLE,N/A
188,22,,RICH EPICS S1 EP Temp 6 Sensor Enable,Read/Write,Boolean,B_DET_RICH_INTLK_S1_EP_TEMP6_ENABLE,N/A
189,23,,RICH EPICS S1 EP Temp 7 Sensor Enable,Read/Write,Boolean,B_DET_RICH_INTLK_S1_EP_TEMP7_ENABLE,N/A
190,24,,RICH EPICS S1 EP Temp 8 Sensor Enable,Read/Write,Boolean,B_DET_RICH_INTLK_S1_EP_TEMP8_ENABLE,N/A
191,25,,RICH EPICS S1 EP Temp 9 Sensor Enable,Read/Write,Boolean,B_DET_RICH_INTLK_S1_EP_TEMP9_ENABLE,N/A
192,26,,RICH EPICS S1 EP Temp 10 Sensor Enable,Read/Write,Boolean,B_DET_RICH_INTLK_S1_EP_TEMP10_ENABLE,N/A
193,27,,RICH EPICS S1 EP Temp 11 Sensor Enable,Read/Write,Boolean,B_DET_RICH_INTLK_S1_EP_TEMP11_ENABLE,N/A
194,28,,RICH EPICS S1 EP Temp 12 Sensor Enable,Read/Write,Boolean,B_DET_RICH_INTLK_S1_EP_TEMP12_ENABLE,N/A
195,29,,RICH EPICS S1 EP Temp 13 Sensor Enable,Read/Write,Boolean,B_DET_RICH_INTLK_S1_EP_TEMP13_ENABLE,N/A
196,30,,RICH EPICS S1 EP Temp 14 Sensor Enable,Read/Write,Boolean,B_DET_RICH_INTLK_S1_EP_TEMP14_ENABLE,N/A
197,31,,RICH EPICS S1 EP Temp 15 Sensor Enable,Read/Write,Boolean,B_DET_RICH_INTLK_S1_EP_TEMP15_ENABLE,N/A
198,32,,RICH EPICS S1 EP Temp 16 Sensor Enable,Read/Write,Boolean,B_DET_RICH_INTLK_S1_EP_TEMP16_ENABLE,N/A
199,1,Individual Sensor Threshold Control,RICH EPICS S1 EP Humidity 1 Hi Limit,Read/Write,Double,B_DET_RICH_INTLK_S1_EP_HUMID1_HI,%
200,2,,RICH EPICS S1 EP Humidity 2 Hi Limit,Read/Write,Double,B_DET_RICH_INTLK_S1_EP_HUMID2_HI,%
201,3,,RICH EPICS S1 EP Humidity 3 Hi Limit,Read/Write,Double,B_DET_RICH_INTLK_S1_EP_HUMID3_HI,%
202,4,,RICH EPICS S1 EP Humidity 4 Hi Limit,Read/Write,Double,B_DET_RICH_INTLK_S1_EP_HUMID4_HI,%
203,5,,RICH EPICS S1 EP Humidity 5 Hi Limit,Read/Write,Double,B_DET_RICH_INTLK_S1_EP_HUMID5_HI,%
204,6,,RICH EPICS S1 EP Humidity 6 Hi Limit,Read/Write,Double,B_DET_RICH_INTLK_S1_EP_HUMID6_HI,%
205,7,,RICH EPICS S1 EP Humidity 7 Hi Limit,Read/Write,Double,B_DET_RICH_INTLK_S1_EP_HUMID7_HI,%
206,8,,RICH EPICS S1 EP Humidity 8 Hi Limit,Read/Write,Double,B_DET_RICH_INTLK_S1_EP_HUMID8_HI,%
207,9,,RICH EPICS S1 EP Humidity 9 Hi Limit,Read/Write,Double,B_DET_RICH_INTLK_S1_EP_HUMID9_HI,%
208,10,,RICH EPICS S1 EP Humidity 10 Hi Limit,Read/Write,Double,B_DET_RICH_INTLK_S1_EP_HUMID10_HI,%
209,11,,RICH EPICS S1 EP Humidity 11 Hi Limit,Read/Write,Double,B_DET_RICH_INTLK_S1_EP_HUMID11_HI,%
210,12,,RICH EPICS S1 EP Humidity 12 Hi Limit,Read/Write,Double,B_DET_RICH_INTLK_S1_EP_HUMID12_HI,%
211,13,,RICH EPICS S1 EP Humidity 13 Hi Limit,Read/Write,Double,B_DET_RICH_INTLK_S1_EP_HUMID13_HI,%
212,14,,RICH EPICS S1 EP Humidity 14 Hi Limit,Read/Write,Double,B_DET_RICH_INTLK_S1_EP_HUMID14_HI,%
213,15,,RICH EPICS S1 EP Humidity 15 Hi Limit,Read/Write,Double,B_DET_RICH_INTLK_S1_EP_HUMID15_HI,%
214,16,,RICH EPICS S1 EP Humidity 16 Hi Limit,Read/Write,Double,B_DET_RICH_INTLK_S1_EP_HUMID16_HI,%
215,17,,RICH EPICS S1 EP Temp 1 Hi Limit,Read/Write,Double,B_DET_RICH_INTLK_S1_EP_TEMP1_HI,°C
216,18,,RICH EPICS S1 EP Temp 2 Hi Limit,Read/Write,Double,B_DET_RICH_INTLK_S1_EP_TEMP2_HI,°C
217,19,,RICH EPICS S1 EP Temp 3 Hi Limit,Read/Write,Double,B_DET_RICH_INTLK_S1_EP_TEMP3_HI,°C
218,20,,RICH EPICS S1 EP Temp 4 Hi Limit,Read/Write,Double,B_DET_RICH_INTLK_S1_EP_TEMP4_HI,°C
219,21,,RICH EPICS S1 EP Temp 5 Hi Limit,Read/Write,Double,B_DET_RICH_INTLK_S1_EP_TEMP5_HI,°C
220,22,,RICH EPICS S1 EP Temp 6 Hi Limit,Read/Write,Double,B_DET_RICH_INTLK_S1_EP_TEMP6_HI,°C
221,23,,RICH EPICS S1 EP Temp 7 Hi Limit,Read/Write,Double,B_DET_RICH_INTLK_S1_EP_TEMP7_HI,°C
222,24,,RICH EPICS S1 EP Temp 8 Hi Limit,Read/Write,Double,B_DET_RICH_INTLK_S1_EP_TEMP8_HI,°C
223,25,,RICH EPICS S1 EP Temp 9 Hi Limit,Read/Write,Double,B_DET_RICH_INTLK_S1_EP_TEMP9_HI,°C
224,26,,RICH EPICS S1 EP Temp 10 Hi Limit,Read/Write,Double,B_DET_RICH_INTLK_S1_EP_TEMP10_HI,°C
225,27,,RICH EPICS S1 EP Temp 11 Hi Limit,Read/Write,Double,B_DET_RICH_INTLK_S1_EP_TEMP11_HI,°C
226,28,,RICH EPICS S1 EP Temp 12 Hi Limit,Read/Write,Double,B_DET_RICH_INTLK_S1_EP_TEMP12_HI,°C
227,29,,RICH EPICS S1 EP Temp 13 Hi Limit,Read/Write,Double,B_DET_RICH_INTLK_S1_EP_TEMP13_HI,°C
228,30,,RICH EPICS S1 EP Temp 14 Hi Limit,Read/Write,Double,B_DET_RICH_INTLK_S1_EP_TEMP14_HI,°C
229,31,,RICH EPICS S1 EP Temp 15 Hi Limit,Read/Write,Double,B_DET_RICH_INTLK_S1_EP_TEMP15_HI,°C
230,32,,RICH EPICS S1 EP Temp 16 Hi Limit,Read/Write,Double,B_DET_RICH_INTLK_S1_EP_TEMP16_HI,°C
231,33,,RICH EPICS S1 EP Humidity 1 Lo Limit,Read/Write,Double,B_DET_RICH_INTLK_S1_EP_HUMID1_LO,%
232,34,,RICH EPICS S1 EP Humidity 2 Lo Limit,Read/Write,Double,B_DET_RICH_INTLK_S1_EP_HUMID2_LO,%
233,35,,RICH EPICS S1 EP Humidity 3 Lo Limit,Read/Write,Double,B_DET_RICH_INTLK_S1_EP_HUMID3_LO,%
234,36,,RICH EPICS S1 EP Humidity 4 Lo Limit,Read/Write,Double,B_DET_RICH_INTLK_S1_EP_HUMID4_LO,%
235,37,,RICH EPICS S1 EP Humidity 5 Lo Limit,Read/Write,Double,B_DET_RICH_INTLK_S1_EP_HUMID5_LO,%
236,38,,RICH EPICS S1 EP Humidity 6 Lo Limit,Read/Write,Double,B_DET_RICH_INTLK_S1_EP_HUMID6_LO,%
237,39,,RICH EPICS S1 EP Humidity 7 Lo Limit,Read/Write,Double,B_DET_RICH_INTLK_S1_EP_HUMID7_LO,%
238,40,,RICH EPICS S1 EP Humidity 8 Lo Limit,Read/Write,Double,B_DET_RICH_INTLK_S1_EP_HUMID8_LO,%
239,41,,RICH EPICS S1 EP Humidity 9 Lo Limit,Read/Write,Double,B_DET_RICH_INTLK_S1_EP_HUMID9_LO,%
240,42,,RICH EPICS S1 EP Humidity 10 Lo Limit,Read/Write,Double,B_DET_RICH_INTLK_S1_EP_HUMID10_LO,%
241,43,,RICH EPICS S1 EP Humidity 11 Lo Limit,Read/Write,Double,B_DET_RICH_INTLK_S1_EP_HUMID11_LO,%
242,44,,RICH EPICS S1 EP Humidity 12 Lo Limit,Read/Write,Double,B_DET_RICH_INTLK_S1_EP_HUMID12_LO,%
243,45,,RICH EPICS S1 EP Humidity 13 Lo Limit,Read/Write,Double,B_DET_RICH_INTLK_S1_EP_HUMID13_LO,%
244,46,,RICH EPICS S1 EP Humidity 14 Lo Limit,Read/Write,Double,B_DET_RICH_INTLK_S1_EP_HUMID14_LO,%
245,47,,RICH EPICS S1 EP Humidity 15 Lo Limit,Read/Write,Double,B_DET_RICH_INTLK_S1_EP_HUMID15_LO,%
246,48,,RICH EPICS S1 EP Humidity 16 Lo Limit,Read/Write,Double,B_DET_RICH_INTLK_S1_EP_HUMID16_LO,%
247,49,,RICH EPICS S1 EP Temp 1 Lo Limit,Read/Write,Double,B_DET_RICH_INTLK_S1_EP_TEMP1_LO,°C
248,50,,RICH EPICS S1 EP Temp 2 Lo Limit,Read/Write,Double,B_DET_RICH_INTLK_S1_EP_TEMP2_LO,°C
249,51,,RICH EPICS S1 EP Temp 3 Lo Limit,Read/Write,Double,B_DET_RICH_INTLK_S1_EP_TEMP3_LO,°C
250,52,,RICH EPICS S1 EP Temp 4 Lo Limit,Read/Write,Double,B_DET_RICH_INTLK_S1_EP_TEMP4_LO,°C
251,53,,RICH EPICS S1 EP Temp 5 Lo Limit,Read/Write,Double,B_DET_RICH_INTLK_S1_EP_TEMP5_LO,°C
252,54,,RICH EPICS S1 EP Temp 6 Lo Limit,Read/Write,Double,B_DET_RICH_INTLK_S1_EP_TEMP6_LO,°C
253,55,,RICH EPICS S1 EP Temp 7 Lo Limit,Read/Write,Double,B_DET_RICH_INTLK_S1_EP_TEMP7_LO,°C
254,56,,RICH EPICS S1 EP Temp 8 Lo Limit,Read/Write,Double,B_DET_RICH_INTLK_S1_EP_TEMP8_LO,°C
255,57,,RICH EPICS S1 EP Temp 9 Lo Limit,Read/Write,Double,B_DET_RICH_INTLK_S1_EP_TEMP9_LO,°C
256,58,,RICH EPICS S1 EP Temp 10 Lo Limit,Read/Write,Double,B_DET_RICH_INTLK_S1_EP_TEMP10_LO,°C
257,59,,RICH EPICS S1 EP Temp 11 Lo Limit,Read/Write,Double,B_DET_RICH_INTLK_S1_EP_TEMP11_LO,°C
258,60,,RICH EPICS S1 EP Temp 12 Lo Limit,Read/Write,Double,B_DET_RICH_INTLK_S1_EP_TEMP12_LO,°C
259,61,,RICH EPICS S1 EP Temp 13 Lo Limit,Read/Write,Double,B_DET_RICH_INTLK_S1_EP_TEMP13_LO,°C
260,62,,RICH EPICS S1 EP Temp 14 Lo Limit,Read/Write,Double,B_DET_RICH_INTLK_S1_EP_TEMP14_LO,°C
261,63,,RICH EPICS S1 EP Temp 15 Lo Limit,Read/Write,Double,B_DET_RICH_INTLK_S1_EP_TEMP15_LO,°C
262,64,,RICH EPICS S1 EP Temp 16 Lo Limit,Read/Write,Double,B_DET_RICH_INTLK_S1_EP_TEMP16_LO,°C
263,1,Limit Control Status,RICH EPICS S1 EP S1 EP Limit Control,Read/Write,Boolean,B_DET_RICH_INTLK_S1_EP_EPICS_LIMIT_CTRL,N/A
264,1,Hardware Interlock Status,RICH EPICS S1 EP LV Enable Status,Read Only,Boolean,B_DET_RICH_INTLK_S1_EP_LV_ENABLE_STAT,N/A
265,2,,RICH EPICS S1 EP HV Enable Status,Read Only,Boolean,B_DET_RICH_INTLK_S1_EP_HV_ENABLE_STAT,N/A
266,1,Interlock System Status,RICH EPICS S1 EP cRIO CPU,Read Only,Double,B_HW_CRIO_RICH_S1_EP_CPULOAD,%
267,2,,RICH EPICS S1 EP cRIO Heartbeat,Read Only,Boolean,B_HW_CRIO_RICH_S1_EP_HEARTBEAT,N/A
268,3,,RICH EPICS S1 EP System Uptime,Read Only,Double,B_HW_CRIO_RICH_S1_EP_UPTIME,hours
