,Variable Name,,,,,,,Hexa Address in PLC,Adress + 500 Hexa,Adress + 500    Decimal,,
,Analog Input,,,,,,,,,,,
,PT_2KH,ANA,6,1,1,0.0,3000.0,X 100,600,1536,,Esclave = 01
,PT_5KH,ANA,6,2,1,0.0,3000.0,X 102,602,1538,,function code = 03 Read n words
,PT_HES,ANA,6,3,1,0.0,5000.0,X 104,604,1540,,Adress first bit = 0600 Hexa = 1536 Decimal
,PT_T,ANA,6,4,1,0.0,1.0E10,X 106,606,1542,,Number of words = 20 Hexa = 32 Decimal
,C04_V01,ANA,6,5,1,-1.0E10,1.0E10,X 108,608,1544,,CRC16 = 44 9A
,C04_V02,ANA,6,6,1,-1.0E10,1.0E10,X 10A,60A,1546,,01 03 06 00 00 20 44 9A
,C04_V03,ANA,6,7,1,-1.0E10,1.0E10,X 10C,60C,1548,,
,C04_V04,ANA,6,8,1,-1.0E10,1.0E10,X 10E,60E,1550,,Floating value on two words swapper
,C05_V01,ANA,6,9,1,-1.0E10,1.0E10,X 110,610,1552,,
,PT_VT_10V,ANA,6,10,0,0.0,9999.0,X 112,612,1554,,
,PT_CVP_10V,ANA,6,11,0,0.0,9999.0,X 114,614,1556,,
,PT_CVS_10V,ANA,6,12,0,0.0,9999.0,X 116,616,1558,,
,TT_E2,ANA,6,13,2,0.0,325.0,X 118,618,1560,,
,TT_EBP,ANA,6,14,2,0.0,325.0,X 11A,61A,1562,,
,TT_E1,ANA,6,15,2,0.0,325.0,X 11C,61C,1564,,
,TT_ECR,ANA,6,16,2,0.0,325.0,X 11E,61E,1566,,
,,,,,,,,,,,,
,Analog Input,,,,,,,,,,,
,PT_D2S,ANA,7,1,1,0.0,3000.0,X 120,620,1568,,Esclave = 01
,PT_H2S,ANA,7,2,1,0.0,3000.0,X 122,622,1570,,function code = 03 Read n words
,PT_VS_10V,ANA,7,3,0,0.0,9999.0,X 124,624,1572,,Adress first bit = 0620 Hexa = 1568 Decimal
,LT_CR,ANA,7,4,1,0.0,100.0,X 126,626,1574,,Number of words = 08 Hexa = 08 Decimal
,,,,,,,,,,,,CRC16 = 45 4E
,,,,,,,,,,,,01 03 06 20 00 08 45 4E
,,,,,,,,,,,,
,Vacuum gauge,,,,,,,,,,,
,PT_VT,ANA,8,1,5,1.0E-4,1000.0,X 140,640,1600,,Esclave = 01
,PT_CVP,ANA,8,2,5,1.0E-4,1000.0,X 142,642,1602,,function code = 03 Read n words
,PT_CVS,ANA,8,3,5,1.0E-9,0.01,X 144,644,1604,,Adress first bit = 0640 Hexa = 1600 Decimal
,PT_VS,ANA,8,4,5,1.0E-4,1000.0,X 146,646,1606,,Number of words = 08 Hexa = 08 Decimal
,,,,,,,,,,,,CRC16 = 45 50
,,,,,,,,,,,,01 03 06 40 00 08 45 50
,,,,,,,,,,,,
,Analog Output,,,,,,,,,,,
,PCV_5KH,ANA,9,1,1,0.0,100.0,X 200,700,1792,,Esclave = 01
,JT_2K,ANA,9,2,1,0.0,100.0,X 202,702,1794,,function code = 03 Read n words
,C09_V01,ANA,9,3,1,0.0,100.0,X 204,704,1796,,Adress first bit = 0700 Hexa = 1792 Decimal
,EY_E2,ANA,9,4,1,0.0,100.0,X 206,706,1798,,Number of words = 0C Hexa = 12 Decimal
,EY_EBP,ANA,9,5,1,0.0,100.0,X 208,708,1800,,CRC16 = 44 BB
,EY_ET2,ANA,9,6,1,0.0,100.0,X 20A,70A,1802,,01 03 07 00 00 20 44 BB
,,,,,,,,,,,,
,Internal Variable,,,,,,,,,,,
,TT_T,ANA,10,1,2,0.0,325.0,X 3300,3800,14336,,Esclave = 01
,CONSIGNE1,ANA,10,2,2,0.0,325.0,X 3302,3802,14338,,function code = 03 Read n words
,CONS_TT_T,ANA,10,3,2,0.0,325.0,X 3304,3804,14340,,Adress first bit = 3800 Hexa = 14336 Decimal
,TT_ET,ANA,10,4,2,0.0,325.0,X 3306,3806,14342,,Number of words = 14 Hexa = 20 Decimal
,CONSIGNE2,ANA,10,5,2,0.0,325.0,X 3308,3808,14344,,CRC16 = 48 A5 
,CONS_TT_ET,ANA,10,6,2,0.0,325.0,X 330A,380A,14346,,01 03 38 00 00 14 48 A5 
,TT_ER1,ANA,10,7,2,0.0,325.0,X 330C,380C,14348,,
,TT_EGLTH,ANA,10,8,2,0.0,325.0,X 330E,380E,14350,,
,TT_EG2KH,ANA,10,9,2,0.0,325.0,X 3310,3810,14352,,
,TT_EG5KH,ANA,10,10,2,0.0,325.0,X 3312,3812,14354,,
,,,,,,,,,,,,
,,,,,,,,,,,,
,Variable Name,,,,,,,Hexa Address in PLC,Adress + 500 Hexa,Adress + 500    Decimal,,
,Variable LakeShore TT T,,,,,,,,,,,
,MODE1,ANA,38,1,0,0.0,3.0,W 3500,3A00,14848,,Esclave = 01
,TUNE1,ANA,38,2,0,0.0,3.0,W 3501,3A01,14849,,function code = 03 Read n words
,GAIN1,ANA,38,3,0,0.0,999.0,W 3502,3A02,14850,,Adress first bit = 3A00 Hexa = 14848 Decimal
,INTEGRAL1,ANA,38,4,0,0.0,999.0,W 3503,3A03,14851,,Number of words = 10 Hexa = 16 Decimal
,DERIVE1,ANA,38,5,0,0.0,200.0,W 3504,3A04,14852,,CRC16 = 48 DE
,COURANT1,ANA,38,6,0,0.0,3.0,W 3505,3A05,14853,,01 03 3A 00 00 10 48 DE
,PUIS_TT_E1,ANA,38,7,0,0.0,100.0,W 3506,3A06,14854,,
,MODE11,ANA,38,8,0,0.0,3.0,W 3507,3A07,14855,,Integer value on a word
,TUNE11,ANA,38,9,0,0.0,3.0,W 3508,3A08,14856,,
,GAIN11,ANA,38,10,0,0.0,999.0,W 3509,3A09,14857,,
,INTEGRAL11,ANA,38,11,0,0.0,999.0,W 350A,3A0A,14858,,
,DERIVE11,ANA,38,12,0,0.0,200.0,W 350B,3A0B,14859,,
,COURANT11,ANA,38,13,0,0.0,3.0,W 350C,3A0C,14860,,
,,,,,,,,,,,,
,Variable LakeShore TT ET,,,,,,,,,,,
,MODE2,ANA,39,1,0,0.0,3.0,W 3510,3A10,14864,,Esclave = 01
,TUNE2,ANA,39,2,0,0.0,3.0,W 3511,3A11,14865,,function code = 03 Read n words
,GAIN2,ANA,39,3,0,0.0,999.0,W 3512,3A12,14866,,Adress first bit = 3A10 Hexa = 14848 Decimal
,INTEGRAL2,ANA,39,4,0,0.0,999.0,W 3513,3A13,14867,,Number of words = 10 Hexa = 16 Decimal
,DERIVE2,ANA,39,5,0,0.0,200.0,W 3514,3A14,14868,,CRC16 = 49 1B
,COURANT2,ANA,39,6,0,0.0,3.0,W 3515,3A15,14869,,01 03 3A 10 00 10 49 1B
,PUIS_TTET1,ANA,39,7,0,0.0,100.0,W 3516,3A16,14870,,
,MODE22,ANA,39,8,0,0.0,3.0,W 3517,3A17,14871,,
,TUNE22,ANA,39,9,0,0.0,3.0,W 3518,3A18,14872,,
,GAIN22,ANA,39,10,0,0.0,999.0,W 3519,3A19,14873,,
,INTEGRAL22,ANA,39,11,0,0.0,999.0,W 351A,3A1A,14874,,
,DERIVE22,ANA,39,12,0,0.0,200.0,W 351B,3A1B,14875,,
,COURANT22,ANA,39,13,0,0.0,3.0,W 351C,3A1C,14876,,
,,,,,,,,,,,,
,,,,,,,,,,,,
,Variable Name,,,,,,,Hexa Address in PLC,Adress Bit Hexa,Adress Bit Decimal,,
,Logic Input Card 01,,,,,,,,,,,
,KICP,TOR,16,1,0,1,0,B 100,1880,6272,,Esclave = 01
,CHE_P,TOR,16,1,1,1,0,B 101,1881,6273,,Function code = 01 Read n bits
,FC_CVPS_F,TOR,16,1,2,F,0,B 102,1882,6274,,Adress first bit = 1880 Hexa = 6272 Decimal
,FC_CVPS_O,TOR,16,1,3,O,0,B 103,1883,6275,,Number of bits = 100 Hexa = 256 Decimal
,FC_CVS_F,TOR,16,1,4,F,0,B 104,1884,6276,,CRC16 = 3A D2
,FC_CVS_O,TOR,16,1,5,O,0,B 105,1885,6277,,01 01 18 80 01 00 3A D2
,DETEC_H2D2,TOR,16,1,6,DEFAUT,0,B 106,1886,6278,,
,C11_V07,TOR,16,1,7,1,0,B 107,1887,6279,,
,PUMP_CVP_M,TOR,16,1,8,MARCHE,0,B 110,1888,6280,,
,PUMP_CVS_V,TOR,16,1,9,MARCHE,0,B 111,1889,6281,,
,PUMP_CVS_D,TOR,16,1,10,DEFAUT,-,B 112,188A,6282,,
,FC_20K_F,TOR,16,1,11,F,0,B 113,188B,6283,,
,FC_20K_O,TOR,16,1,12,O,0,B 114,188C,6284,,
,FC_LHE_F,TOR,16,1,13,F,0,B 115,188D,6285,,
,FC_LHE_O,TOR,16,1,14,O,0,B 116,188E,6286,,
,PSL_AIRCPR,TOR,16,1,15,OUI,0,B 117,188F,6287,,
,MV_N2V_F,TOR,16,2,0,F,0,B 120,1890,6288,,
,MV_N2V_O,TOR,16,2,1,O,0,B 121,1891,6289,,
,LS_CTB,TOR,16,2,2,ON,AUTO,B 122,1892,6290,,
,LS_CTH,TOR,16,2,3,ON,AUTO,B 123,1893,6291,,
,LS_ETB,TOR,16,2,4,ON,0,B 124,1894,6292,,
,LS_ETH,TOR,16,2,5,ON,0,B 125,1895,6293,,
,LS_TB,TOR,16,2,6,ON,OFF,B 126,1896,6294,,
,LS_TH,TOR,16,2,7,ON,OFF,B 127,1897,6295,,
,FC_VST_F,TOR,16,2,8,F,-,B 130,1898,6296,,
,FC_VST_O,TOR,16,2,9,O,-,B 131,1899,6297,,
,FC_VS4K_F,TOR,16,2,10,F,-,B 132,189A,6298,,
,FC_VS4K_O,TOR,16,2,11,O,-,B 133,189B,6299,,
,FC_N2P_F,TOR,16,2,12,F,-,B 134,189C,6300,,
,FC_N2P_O,TOR,16,2,13,O,-,B 135,189D,6301,,
,PUMP_2KH_M,TOR,16,2,14,MARCHE,-,B 136,189E,6302,,
,INTERSYNOP,TOR,16,2,15,1,0,B 137,189F,6303,,
,,,,,,,,,,,,
,Logic Input Card 02,,,,,,,,,,,
,PUMP_VST_V,TOR,16,3,0,MARCHE,0,B 140,18A0,6304,,
,PUMP_VST_D,TOR,16,3,1,DEFAUT,-,B 141,18A1,6305,,
,FC_HEBP_F,TOR,16,3,2,F,-,B 142,18A2,6306,,
,FC_HEBP_O,TOR,16,3,3,O,-,B 143,18A3,6307,,
,MV_HES_F,TOR,16,3,4,F,-,B 144,18A4,6308,,
,MV_HES_O,TOR,16,3,5,O,-,B 145,18A5,6309,,
,FC_HER_F,TOR,16,3,6,F,-,B 146,18A6,6310,,
,FC_HER_O,TOR,16,3,7,O,-,B 147,18A7,6311,,
,FC_HECS_F,TOR,16,3,8,F,-,B 150,18A8,6312,,
,FC_HECS_O,TOR,16,3,9,O,-,B 151,18A9,6313,,
,FC_HECT_F,TOR,16,3,10,F,-,B 152,18AA,6314,,
,FC_HECT_O,TOR,16,3,11,O,-,B 153,18AB,6315,,
,FC_HESC_F,TOR,16,3,12,F,-,B 154,18AC,6316,,
,FC_HESC_O,TOR,16,3,13,O,-,B 155,18AD,6317,,
,FC_HETC_F,TOR,16,3,14,F,-,B 156,18AE,6318,,
,FC_HETC_O,TOR,16,3,15,O,-,B 157,18AF,6319,,
,DEF_LS_F,TOR,16,4,0,DEFAUT,0,B 160,18B0,6320,,
,C12_V17,TOR,16,4,1,O,0,B 161,18B1,6321,,
,C12_V18,TOR,16,4,2,O,0,B 162,18B2,6322,,
,EAU_P2KH,TOR,16,4,3,O,0,B 163,18B3,6323,,
,FC_2KHA_F,TOR,16,4,4,F,0,B 164,18B4,6324,,
,FC_2KHA_O,TOR,16,4,5,O,-,B 165,18B5,6325,,
,FC_2KHR_F,TOR,16,4,6,F,0,B 166,18B6,6326,,
,FC_2KHR_O,TOR,16,4,7,O,-,B 167,18B7,6327,,
,FC_4KH_F,TOR,16,4,8,F,-,B 170,18B8,6328,,
,FC_4KH_O,TOR,16,4,9,O,0,B 171,18B9,6329,,
,FC_5KH_F,TOR,16,4,10,F,0,B 172,18BA,6330,,
,FC_5KH_O,TOR,16,4,11,O,0,B 173,18BB,6331,,
,FC_LTH_F,TOR,16,4,12,F,0,B 174,18BC,6332,,
,FC_LTH_O,TOR,16,4,13,O,0,B 175,18BD,6333,,
,FC_RECUP_F,TOR,16,4,14,F,0,B 176,18BE,6334,,
,FC_RECUP_O,TOR,16,4,15,O,0,B 177,18BF,6335,,
,,,,,,,,,,,,
,Logic Input Card 03,,,,,,,,,,,
,FC_D2P_F,TOR,16,5,0,F,-,B 180,18C0,6336,,
,FC_D2P_O,TOR,16,5,1,O,-,B 181,18C1,6337,,
,FC_D2T_F,TOR,16,5,2,F,-,B 182,18C2,6338,,
,FC_D2T_O,TOR,16,5,3,O,-,B 183,18C3,6339,,
,BP1,TOR,16,5,4,1,0,B 184,18C4,6340,,
,BP2,TOR,16,5,5,1,0,B 185,18C5,6341,,
,FC_H2T_F,TOR,16,5,6,F,F,B 186,18C6,6342,,
,FC_H2T_O,TOR,16,5,7,O,-,B 187,18C7,6343,,
,FC_PS_F,TOR,16,5,8,F,-,B 190,18C8,6344,,
,FC_PS_O,TOR,16,5,9,O,-,B 191,18C9,6345,,
,FC_H2P_F,TOR,16,5,10,F,-,B 192,18CA,6346,,
,FC_H2P_O,TOR,16,5,11,O,-,B 193,18CB,6347,,
,FC_VP_F,TOR,16,5,12,F,-,B 194,18CC,6348,,
,FC_VP_O,TOR,16,5,13,O,-,B 195,18CD,6349,,
,PSH_VT,TOR,16,5,14,O,0,B 196,18CE,6350,,
,PUMP_VPS_M,TOR,16,5,15,MARCHE,0,B 197,18CF,6351,,
,MV_D2S_F,TOR,16,6,0,F,-,B 1A0,18D0,6352,,
,MV_D2S_O,TOR,16,6,1,O,-,B 1A1,18D1,6353,,
,MV_D2T_F,TOR,16,6,2,F,-,B 1A2,18D2,6354,,
,MV_D2T_O,TOR,16,6,3,O,-,B 1A3,18D3,6355,,
,MV_H2S_F,TOR,16,6,4,F,-,B 1A4,18D4,6356,,
,MV_H2S_O,TOR,16,6,5,O,-,B 1A5,18D5,6357,,
,MV_H2T_F,TOR,16,6,6,F,-,B 1A6,18D6,6358,,
,MV_H2T_O,TOR,16,6,7,O,-,B 1A7,18D7,6359,,
,MV_H2D2T_F,TOR,16,6,8,F,-,B 1B0,18D8,6360,,
,MV_H2D2T_O,TOR,16,6,9,O,-,B 1B1,18D9,6361,,
,MV_HE3T_F,TOR,16,6,10,F,-,B 1B2,18DA,6362,,
,MV_HE3T_O,TOR,16,6,11,O,-,B 1B3,18DB,6363,,
,PUMP_VPT_M,TOR,16,6,12,MARCHE,0,B 1B4,18DC,6364,,
,CPR_HE3_MA,TOR,16,6,13,MARCHE,0,B 1B5,18DD,6365,,
,INTERH2HE4,TOR,16,6,14,O,0,B 1B6,18DE,6366,,
,C13_V31,TOR,16,6,15,O,0,B 1B7,18DF,6367,,
,,,,,,,,,,,,
,Bit for regulated valves,,,,,,,,,,,
,FCV_LHE_F,TOR,16,7,0,1,0,B 1C0,18E0,6368,,
,FCV_LHE_O,TOR,16,7,1,1,0,B 1C1,18E1,6369,,
,PCV_5KH_F,TOR,16,7,2,1,0,B 1C2,18E2,6370,,
,PCV_5KH_O,TOR,16,7,3,1,0,B 1C3,18E3,6371,,
,JT_2K_F,TOR,16,7,4,1,0,B 1C4,18E4,6372,,
,JT_2K_O,TOR,16,7,5,1,0,B 1C5,18E5,6373,,
,,,,,,,,,,,,
,Logic Output Card 01,,,,,,,,,,,
,CA,TOR,16,9,0,MARCHE,ARRET,B 200,1900,6400,,
,FV_CVPS_NC,TOR,16,9,1,OUVERT,FERME,B 201,1901,6401,,
,FV_CVS_NC,TOR,16,9,2,OUVERT,FERME,B 202,1902,6402,,
,FV_CVX_NC,TOR,16,9,3,OUVERT,FERME,B 203,1903,6403,,
,PUMP_CVP,TOR,16,9,4,MARCHE,ARRET,B 204,1904,6404,,
,PUMP_CVS,TOR,16,9,5,MARCHE,ARRET,B 205,1905,6405,,
,FV_20K_NC,TOR,16,9,6,OUVERT,FERME,B 206,1906,6406,,
,FV_LHE_NC,TOR,16,9,7,OUVERT,FERME,B 207,1907,6407,,
,FV_D2T_NC,TOR,16,9,8,OUVERT,FERME,B 210,1908,6408,,
,FV_H2T_NC,TOR,16,9,9,OUVERT,FERME,B 211,1909,6409,,
,LEDMV_HE3T,TOR,16,9,10,ALLUME,ETEINT,B 212,190A,6410,,
,FV_HETC_NC,TOR,16,9,11,OUVERT,FERME,B 213,190B,6411,,
,COMP_HE3,TOR,16,9,12,MARCHE,ARRET,B 214,190C,6412,,
,LED_MV_HES,TOR,16,9,13,ALLUME,ETEINT,B 215,190D,6413,,
,FV_HECS_NC,TOR,16,9,14,OUVERT,FERME,B 216,190E,6414,,
,FV_HECT_NC,TOR,16,9,15,OUVERT,FERME,B 217,190F,6415,,
,FV_HER_NC,TOR,16,10,0,OUVERT,FERME,B 220,1910,6416,,
,FV_HESC_NC,TOR,16,10,1,OUVERT,FERME,B 221,1911,6417,,
,PUMP_VPT,TOR,16,10,2,MARCHE,ARRET,B 222,1912,6418,,
,PUMP_VST,TOR,16,10,3,MARCHE,ARRET,B 223,1913,6419,,
,FV_2KHA_NC,TOR,16,10,4,OUVERT,FERME,B 224,1914,6420,,
,FV_2KHR_NC,TOR,16,10,5,OUVERT,FERME,B 225,1915,6421,,
,FV_4KH_NO,TOR,16,10,6,1,0,B 226,1916,6422,,
,FV_5KH_NO,TOR,16,10,7,1,0,B 227,1917,6423,,
,FV_LTH_NO,TOR,16,10,8,1,0,B 230,1918,6424,,
,FV_RECUPNO,TOR,16,10,9,1,0,B 231,1919,6425,,
,PUMP_2KH,TOR,16,10,10,MARCHE,ARRET,B 232,191A,6426,,
,FV_VST_NC,TOR,16,10,11,OUVERT,FERME,B 233,191B,6427,,
,FV_VS4K_NC,TOR,16,10,12,OUVERT,FERME,B 234,191C,6428,,
,FV_N2P_NC,TOR,16,10,13,OUVERT,FERME,B 235,191D,6429,,
,FV_HEBP_NO,TOR,16,10,14,1,0,B 236,191E,6430,,
,FCV_LHE_NC,TOR,16,10,15,-,F,B 237,191F,6431,,
,,,,,,,,,,,,
,Logic Output Card 02,,,,,,,,,,,
,FV_D2P_NC,TOR,16,11,0,OUVERT,FERME,B 240,1920,6432,,
,ECR1_ECR2,TOR,16,11,1,MARCHE,ARRET,B 241,1921,6433,,
,FV_H2P_NC,TOR,16,11,2,OUVERT,FERME,B 242,1922,6434,,
,E_ECRAN,TOR,16,11,3,MARCHE,ARRET,B 243,1923,6435,,
,FV_PS_NC,TOR,16,11,4,OUVERT,FERME,B 244,1924,6436,,
,AL_STOCK,TOR,16,11,5,DEFAUT,ARRET,B 245,1925,6437,,
,FV_VP_NC,TOR,16,11,6,OUVERT,FERME,B 246,1926,6438,,
,PUMP_VPS,TOR,16,11,7,MARCHE,ARRET,B 247,1927,6439,,
,INFOSYNIN,TOR,16,11,8,ON,OFF,B 250,1928,6440,,
,POS_D2,TOR,16,11,9,ON,OFF,B 251,1929,6441,,
,POS_H2,TOR,16,11,10,ON,OFF,B 252,192A,6442,,
,POS_HE4,TOR,16,11,11,ON,OFF,B 253,192B,6443,,
,POS_HE3,TOR,16,11,12,ON,OFF,B 254,192C,6444,,
,K_PT_VT,TOR,16,11,13,MARCHE,ARRET,B 255,192D,6445,,
,AL_SALLE,TOR,16,11,14,DEFAUT,0,B 256,192E,6446,,
,C17_V15,TOR,16,11,15,1,0,B 257,192F,6447,,
,CLIGNO,TOR,16,12,0,MARCHE,ON,B 260,1930,6448,,
,H2,TOR,16,12,1,1,0,B 261,1931,6449,,
,D2,TOR,16,12,2,1,0,B 262,1932,6450,,
,HE4,TOR,16,12,3,1,0,B 263,1933,6451,,
,HE3,TOR,16,12,4,1,0,B 264,1934,6452,,
,C17_V21,TOR,16,12,5,1,0,B 265,1935,6453,,
,C17_V22,TOR,16,12,6,1,0,B 266,1936,6454,,
,C17_V23,TOR,16,12,7,1,0,B 267,1937,6455,,
,C17_V24,TOR,16,12,8,1,0,B 270,1938,6456,,
,C17_V25,TOR,16,12,9,1,0,B 271,1939,6457,,
,C17_V26,TOR,16,12,10,1,0,B 272,193A,6458,,
,C17_V27,TOR,16,12,11,1,0,B 273,193B,6459,,
,C17_V28,TOR,16,12,12,1,0,B 274,193C,6460,,
,C17_V29,TOR,16,12,13,1,0,B 275,193D,6461,,
,C17_V30,TOR,16,12,14,1,0,B 276,193E,6462,,
,C17_V31,TOR,16,12,15,1,0,B 277,193F,6463,,
,,,,,,,,,,,,
,Bit for valves,,,,,,,,,,,
,Voie Libre,,,,,,,B 280,1940,6464,,
,FV_4KH_NC,TOR,16,13,1,OUVERT,FERME,B 281,1941,6465,,
,FV_5KH_NC,TOR,16,13,2,OUVERT,FERME,B 282,1942,6466,,
,FV_LTH_NC,TOR,16,13,3,OUVERT,FERME,B 283,1943,6467,,
,FV_RECUPNC,TOR,16,13,4,OUVERT,FERME,B 284,1944,6468,,
,FV_HEBP_NC,TOR,16,13,5,OUVERT,FERME,B 285,1945,6469,,
,JT2KFV20K,TOR,16,13,6,1,0,B 286,1946,6470,,
,MV_CIBLE,TOR,16,13,7,1,0,B 287,1947,6471,,
,,,,,,,,,,,,
,Bit Default,,,,,,,,,,,
,Libre,,,,,,,B 2A0,1950,6480,,
,Libre,,,,,,,B 2A1,1951,6481,,
,DEF_G02,TOR,16,14,2,1,0,B 2A2,1952,6482,,
,DEF_G03,TOR,16,14,3,1,0,B 2A3,1953,6483,,
,DEF_G04,TOR,16,14,4,1,0,B 2A4,1954,6484,,
,DEF_G05,TOR,16,14,5,1,0,B 2A5,1955,6485,,
,Libre,,,,,,,B 2A6,1956,6486,,
,DEF_G07_H2,TOR,16,14,7,1,0,B 2A7,1957,6487,,
,DEF_G07_D2,TOR,16,14,8,1,0,B 2B0,1958,6488,,
,DEF_G07_HE,TOR,16,14,9,1,0,B 2B1,1959,6489,,
,DEF_G08_H2,TOR,16,14,10,1,0,B 2B2,195A,6490,,
,DEF_G08_D2,TOR,16,14,11,1,0,B 2B3,195B,6491,,
,DEF_G08_HE,TOR,16,14,12,1,0,B 2B4,195C,6492,,
,DEF_G09_H2,TOR,16,14,13,1,0,B 2B5,195D,6493,,
,DEF_G09_D2,TOR,16,14,14,1,0,B 2B6,195E,6494,,
,DEF_G0A_H2,TOR,16,14,15,1,0,B 2B7,195F,6495,,
,DEF_G0A_D2,TOR,16,15,0,1,0,B 2C0,1960,6496,,
,DEF_G0B_H2,TOR,16,15,1,1,0,B 2C1,1961,6497,,
,DEF_G0B_D2,TOR,16,15,2,1,0,B 2C2,1962,6498,,
,DEF_G0C_H2,TOR,16,15,3,1,0,B 2C3,1963,6499,,
,DEF_G0C_D2,TOR,16,15,4,1,0,B 2C4,1964,6500,,
,DEF_G0D_H2,TOR,16,15,5,1,0,B 2C5,1965,6501,,
,DEF_G0D_D2,TOR,16,15,6,1,0,B 2C6,1966,6502,,
,DEF_G0E,TOR,16,15,7,1,0,B 2C7,1967,6503,,
,DEF_G0F,TOR,16,15,8,1,0,B 2D0,1968,6504,,
,DEF_G10,TOR,16,15,9,1,0,B 2D1,1969,6505,,
,DEF_G11,TOR,16,15,10,1,0,B 2D2,196A,6506,,
,DEF_G12,TOR,16,15,11,1,0,B 2D3,196B,6507,,
,DEF_G13,TOR,16,15,12,1,0,B 2D4,196C,6508,,
,DEF_G14,TOR,16,15,13,1,0,B 2D5,196D,6509,,
,DEF_G15,TOR,16,15,14,1,0,B 2D6,196E,6510,,
,DEF_G16,TOR,16,15,15,1,0,B 2D7,196F,6511,,
,DEF_G17,TOR,16,16,0,1,0,B 2E0,1970,6512,,
,DEF_G18,TOR,16,16,1,1,0,B 2E1,1971,6513,,
,DEF_G19,TOR,16,16,2,1,0,B 2E2,1972,6514,,
,DEF_G1A,TOR,16,16,3,1,0,B 2E3,1973,6515,,
,DEF_G1B,TOR,16,16,4,1,0,B 2E4,1974,6516,,
,DEF_G20,TOR,16,16,5,1,0,B 2E5,1975,6517,,
,DEF_N2,TOR,16,16,6,1,0,B 2E6,1976,6518,,
,,,,,,,,,,,,
,Variable Name,,,,,,,Hexa Address in PLC,Adress Bit Hexa,Adress Bit Decimal,,
,Internal Variable,,,,,,,,,,,
,MARCHECLAS,TOR,17,1,0,1,0,B 300,1980,6528,,Esclave = 01
,MA_VIDE_CH,TOR,17,1,1,1,0,B 301,1981,6529,,Function code = 01 Read n bits
,MA_POMPAGE,TOR,17,1,2,1,0,B 302,1982,6530,,Adress first bit = 1980 Hexa = 6528 Decimal
,MA_COND_CR,TOR,17,1,3,1,0,B 303,1983,6531,,Number of bits = 100 Hexa = 256 Decimal
,MA_TEST_HE,TOR,17,1,4,1,0,B 304,1984,6532,,CRC16 = 3B 2E
,MA_G05,TOR,17,1,5,1,0,B 305,1985,6533,,01 01 19 80 01 00 3B 2E
,MA_G06,TOR,17,1,6,1,0,B 306,1986,6534,,
,MA_G07_H2,TOR,17,1,7,1,0,B 307,1987,6535,,
,MA_G07_D2,TOR,17,1,8,1,0,B 310,1988,6536,,
,MA_G07_HE4,TOR,17,1,9,1,0,B 311,1989,6537,,
,MA_G08_H2,TOR,17,1,10,1,0,B 312,1990,6544,,
,MA_G08_D2,TOR,17,1,11,1,0,B 313,1991,6545,,
,MA_G08_HE4,TOR,17,1,12,1,0,B 314,1992,6546,,
,MA_G09_H2,TOR,17,1,13,1,0,B 315,1993,6547,,
,MA_G09_D2,TOR,17,1,14,1,0,B 316,1994,6548,,
,MA_G0A_H2,TOR,17,1,15,1,0,B 317,1995,6549,,
,MA_G0A_D2,TOR,17,2,0,1,0,B 320,1996,6550,,
,MA_G0B_H2,TOR,17,2,1,1,0,B 321,1997,6551,,
,MA_G0B_D2,TOR,17,2,2,1,0,B 322,1998,6552,,
,MA_G0C_H2,TOR,17,2,3,1,0,B 323,1999,6553,,
,MA_G0C_D2,TOR,17,2,4,1,0,B 324,2000,8192,,
,MA_G0D_H2,TOR,17,2,5,1,0,B 325,2001,8193,,
,MA_G0D_D2,TOR,17,2,6,1,0,B 326,2002,8194,,
,MA_G0E,TOR,17,2,7,1,0,B 327,2003,8195,,
,MA_G0F,TOR,17,2,8,1,0,B 330,2004,8196,,
,MA_G10,TOR,17,2,9,1,0,B 331,2005,8197,,
,MA_G11,TOR,17,2,10,1,0,B 332,2006,8198,,
,MA_G12,TOR,17,2,11,1,0,B 333,2007,8199,,
,MA_G13,TOR,17,2,12,1,0,B 334,2008,8200,,
,MA_G14,TOR,17,2,13,1,0,B 335,2009,8201,,
,MA_G15,TOR,17,2,14,1,0,B 336,2010,8208,,
,MA_G16,TOR,17,2,15,1,0,B 337,2011,8209,,
,MA_G17,TOR,17,3,0,1,0,B 340,2012,8210,,
,MA_G18,TOR,17,3,1,1,0,B 341,2013,8211,,
,MA_G19,TOR,17,3,2,1,0,B 342,2014,8212,,
,MA_G1A,TOR,17,3,3,1,0,B 343,2015,8213,,
,MA_G1B,TOR,17,3,4,1,0,B 344,2016,8214,,
,MA_VEILLE,TOR,17,3,5,1,0,B 345,2017,8215,,
,MA_N2,TOR,17,3,6,1,0,B 346,2018,8216,,
,MA_COUPSEC,TOR,17,3,7,1,0,B 347,2019,8217,,
,Libre,,,,,,,B 350,2020,8224,,
,FINI,TOR,17,3,9,1,0,B 351,2021,8225,,
,AR_POMPAGE,TOR,17,3,10,1,0,B 352,2022,8226,,
,AR_COND_CR,TOR,17,3,11,1,0,B 353,2023,8227,,
,AR_TEST_HE,TOR,17,3,12,1,0,B 354,2024,8228,,
,AR_G05,TOR,17,3,13,1,0,B 355,2025,8229,,
,AR_G06,TOR,17,3,14,1,0,B 356,2026,8230,,
,AR_G07_H2,TOR,17,3,15,1,0,B 357,2027,8231,,
,AR_G07_D2,TOR,17,4,0,1,0,B 360,2028,8232,,
,AR_G07_HE4,TOR,17,4,1,1,0,B 361,2029,8233,,
,AR_G08_H2,TOR,17,4,2,1,0,B 362,2030,8240,,
,AR_G08_D2,TOR,17,4,3,1,0,B 363,2031,8241,,
,AR_G08_HE4,TOR,17,4,4,1,0,B 364,2032,8242,,
,AR_G09_H2,TOR,17,4,5,1,0,B 365,2033,8243,,
,AR_G09_D2,TOR,17,4,6,1,0,B 366,2034,8244,,
,AR_G0A_H2,TOR,17,4,7,1,0,B 367,2035,8245,,
,AR_G0A_D2,TOR,17,4,8,1,0,B 370,2036,8246,,
,AR_G0B_H2,TOR,17,4,9,1,0,B 371,2037,8247,,
,AR_G0B_D2,TOR,17,4,10,1,0,B 372,2038,8248,,
,AR_G0C_H2,TOR,17,4,11,1,0,B 373,2039,8249,,
,AR_G0C_D2,TOR,17,4,12,1,0,B 374,2040,8256,,
,AR_G0D_H2,TOR,17,4,13,1,0,B 375,2041,8257,,
,AR_G0D_D2,TOR,17,4,14,1,0,B 376,2042,8258,,
,AR_G0E,TOR,17,4,15,1,0,B 377,2043,8259,,
,AR_G0F,TOR,17,5,0,1,0,B 380,2044,8260,,
,AR_G10,TOR,17,5,1,1,0,B 381,2045,8261,,
,AR_G11,TOR,17,5,2,1,0,B 382,2046,8262,,
,AR_G12,TOR,17,5,3,1,0,B 383,2047,8263,,
,AR_G13,TOR,17,5,4,1,0,B 384,2048,8264,,
,AR_G14,TOR,17,5,5,1,0,B 385,2049,8265,,
,AR_G15,TOR,17,5,6,1,0,B 386,2050,8272,,
,AR_G16,TOR,17,5,7,1,0,B 387,2051,8273,,
,AR_G17,TOR,17,5,8,1,0,B 390,2052,8274,,
,AR_G18,TOR,17,5,9,1,0,B 391,2053,8275,,
,AR_G19,TOR,17,5,10,1,0,B 392,2054,8276,,
,AR_G1A,TOR,17,5,11,1,0,B 393,2055,8277,,
,AR_G1B,TOR,17,5,12,1,0,B 394,2056,8278,,
,AR_VEILLE,TOR,17,5,13,1,0,B 395,2057,8279,,
,AR_N2,TOR,17,5,14,1,0,B 396,2058,8280,,
,AR_PP_CH,TOR,17,5,15,1,0,B 397,2059,8281,,
,MA_CPR_HE3,TOR,17,6,0,1,0,B 3A0,2060,8288,,
,MA_DCPRHE3,TOR,17,6,1,1,0,B 3A1,2061,8289,,
,AR_CPR_HE3,TOR,17,6,2,1,0,B 3A2,2062,8290,,
,AR_DCPRHE3,TOR,17,6,3,1,0,B 3A3,2063,8291,,
,EQUIL_HE3,TOR,17,6,4,1,0,B 3A4,2064,8292,,
,NIV_C_HAUT,TOR,17,6,5,1,0,B 3A5,2065,8293,,
,NIV_C_BAS,TOR,17,6,6,1,0,B 3A6,2066,8294,,
,MA_P2KH,TOR,17,6,7,1,0,B 3A7,2067,8295,,
,MESSAGE_P,TOR,17,6,8,1,0,B 3B0,2068,8296,,
,RUNPUMP,TOR,17,6,9,-,-,B 3B1,2069,8297,,
,80_P_JT,TOR,17,6,10,1,0,B 3B2,2070,8304,,
,MAPOMPSTOC,TOR,17,6,11,1,0,B 3B3,2071,8305,,
,POMP_STOC,TOR,17,6,12,1,0,B 3B4,2072,8306,,
,VANNE_BOUT,TOR,17,6,13,1,0,B 3B5,2073,8307,,
,AL_NIV_C_L,TOR,17,6,14,1,0,B 3B6,2074,8308,,
,BITINIT,TOR,17,6,15,1,0,B 3B7,2075,8309,,
,MY_HE3,TOR,17,7,0,1,0,B 3C0,2076,8310,,
,MY_FV_5KH,TOR,17,7,1,1,0,B 3C1,2077,8311,,
,CIBLE_HE3,TOR,17,7,2,1,0,B 3C2,2078,8312,,
,OKREGULHE3,TOR,17,7,3,1,0,B 3C3,2079,8313,,
,LS_CTB_30S,TOR,17,7,4,1,0,B 3C4,2080,8320,,
,VALIDNIV_L,TOR,17,7,5,1,0,B 3C5,2081,8321,,
,AL_VIDE,TOR,17,7,6,1,0,B 3C6,2082,8322,,
,PROCESS_C,TOR,17,7,7,1,0,B 3C7,2083,8323,,
,BIDON_CRYO,TOR,17,7,8,1,0,B 3D0,2084,8324,,
,NIV_HAUT,TOR,17,7,9,ON,OFF,B 3D1,2085,8325,,
,NIV_BAS,TOR,17,7,10,ON,OFF,B 3D2,2086,8326,,
,MY_LS_CTB,TOR,17,7,11,1,0,B 3D3,2087,8327,,
,LEC_TT_ET,TOR,17,7,12,1,0,B 3D4,2088,8328,,
,CINF120S,TOR,17,7,13,1,0,B 3D5,2089,8329,,
,CSUP120S,TOR,17,7,14,1,0,B 3D6,2090,8336,,
,VALIDNIV_P,TOR,17,7,15,1,0,B 3D7,2091,8337,,
,RAZFEANA,TOR,17,8,0,1,0,B 3E0,2092,8338,,
,RAZFETOR,TOR,17,8,1,1,0,B 3E1,2093,8339,,
,RAZFSANA,TOR,17,8,2,1,0,B 3E2,2094,8340,,
,RAZFSTOR,TOR,17,8,3,1,0,B 3E3,2095,8341,,
,VALID_H2,TOR,17,8,4,1,0,B 3E4,2096,8342,,
,VALID_D2,TOR,17,8,5,1,0,B 3E5,2097,8343,,
,VALID_HE4,TOR,17,8,6,1,0,B 3E6,2098,8344,,
,VALID_HE3,TOR,17,8,7,1,0,B 3E7,2099,8345,,
,VIDE_SCND,TOR,17,8,8,1,0,B 3F0,2100,8448,,
,ALARMEH2D2,TOR,17,8,9,1,0,B 3F1,2101,8449,,
,AL_NIV_C_P,TOR,17,8,10,1,0,B 3F2,2102,8450,,
,C_CIBLE_OK,TOR,17,8,11,1,0,B 3F3,2103,8451,,
,OKREGULHE4,TOR,17,8,12,1,0,B 3F4,2104,8452,,
,CI_VIDEHE4,TOR,17,8,13,1,0,B 3F5,2105,8453,,
,CI_VIDE_HD,TOR,17,8,14,1,0,B 3F6,2106,8454,,
,B_AL_VIDE,TOR,17,8,15,1,0,B 3F7,2107,8455,,
,FV_CVP_D,TOR,17,9,0,1,0,B 400,2108,8456,,
,FV_CVPS_D,TOR,17,9,1,1,0,B 401,2109,8457,,
,FV_CVS_D,TOR,17,9,2,1,0,B 402,2110,8464,,
,Libre,TOR,17,9,3,1,0,B 403,2111,8465,,
,Libre,TOR,17,9,5,1,0,B 404,2112,8466,,
,FV_20K_D,TOR,17,9,6,1,0,B 405,2113,8467,,
,FV_LHE_D,TOR,17,9,7,DEFAUT,-,B 406,2114,8468,,
,FV_D2T_D,TOR,17,9,8,DEFAUT,-,B 407,2115,8469,,
,FV_H2T_D,TOR,17,9,10,DEFAUT,-,B 410,2116,8470,,
,Libre,TOR,17,9,11,DEFAUT,-,B 411,2117,8471,,
,FV_HETC_D,TOR,17,9,12,DEFAUT,-,B 412,2118,8472,,
,FV_HECS_D,TOR,17,9,13,DEFAUT,-,B 413,2119,8473,,
,FV_HECT_D,TOR,17,9,14,DEFAUT,-,B 414,2120,8480,,
,FV_HER_D,TOR,17,9,15,1,0,B 415,2121,8481,,
,FV_HESC_D,TOR,17,10,0,1,0,B 416,2122,8482,,
,FV_2KHA_D,TOR,17,10,1,1,0,B 417,2123,8483,,
,FV_2KHR_D,TOR,17,10,2,1,0,B 420,2124,8484,,
,FV_4KH_D,TOR,17,10,3,1,0,B 421,2125,8485,,
,FV_5KH_D,TOR,17,10,4,1,0,B 422,2126,8486,,
,FV_LTH_D,TOR,17,10,5,DEFAUT,-,B 423,2127,8487,,
,FV_RECUP_D,TOR,17,10,6,DEFAUT,-,B 424,2128,8488,,
,FV_VST_D,TOR,17,10,7,DEFAUT,-,B 425,2129,8489,,
,FV_VS4K_D,TOR,17,10,8,DEFAUT,-,B 426,2130,8496,,
,FV_N2P_D,TOR,17,10,9,DEFAUT,-,B 427,2131,8497,,
,FV_HEBP_D,TOR,17,10,10,DEFAUT,-,B 430,2132,8498,,
,FV_D2P_D,TOR,17,10,11,DEFAUT,-,B 431,2133,8499,,
,FV_H2P_D,TOR,17,10,12,DEFAUT,-,B 432,2134,8500,,
,FV_PS_D,TOR,17,10,13,1,0,B 433,2135,8501,,
,FV_VP_D,TOR,17,10,14,1,0,B 434,2136,8502,,
,DEFEAUP2KH,TOR,17,10,15,1,0,B 435,2137,8503,,
,DEF_INT_5P,TOR,17,11,0,1,0,B 436,2138,8504,,
,DEF_IN_10P,TOR,17,11,1,1,0,B 437,2139,8505,,
,BACQ,TOR,17,11,2,1,0,B 440,2140,8512,,
,SIMUL,TOR,17,11,3,MARCHE,ARRET,B 441,2141,8513,,
,FLOU_Z1,TOR,17,11,4,1,0,B 442,2142,8514,,
,FLOU_M,TOR,17,11,5,1,0,B 443,2143,8515,,
,RECHAUCRYO,TOR,17,11,6,1,0,B 444,2144,8516,,
,CLEF1,TOR,17,11,7,1,0,B 445,2145,8517,,
,CLEF2,TOR,17,11,8,1,0,B 446,2146,8518,,
,COUPE_SECT,TOR,17,11,9,1,0,B 447,2147,8519,,
,DEF100MBV,TOR,17,11,10,1,0,B 450,2148,8520,,
,DEF1050MB,TOR,17,11,11,1,0,B 451,2149,8521,,
,DEF1050MBV,TOR,17,11,12,1,0,B 452,2150,8528,,
,DEF100MBC,TOR,17,11,13,1,0,B 453,2151,8529,,
,DEF1050MBC,TOR,17,11,14,1,0,B 454,2152,8530,,
,DEF1050MBP,TOR,17,11,15,1,0,B 455,2153,8531,,
,DEF_GP_CR,TOR,17,12,0,1,0,B 456,2154,8532,,
,DEFVIDEHE3,TOR,17,12,1,1,0,B 457,2155,8533,,
,DEF_C_CRYO,TOR,17,12,2,1,0,B 460,2156,8534,,
,DEFVIDECH,TOR,17,12,3,1,0,B 461,2157,8535,,
,DEF_EXT,TOR,17,12,4,1,0,B 462,2158,8536,,
,DEF_MV_HES,TOR,17,12,5,1,0,B 463,2159,8537,,
,DEF_CI_HE3,TOR,17,12,6,1,0,B 464,2160,8544,,
,DEF_C_T,TOR,17,12,7,1,0,B 465,2161,8545,,
,DEF_COMP,TOR,17,12,8,1,0,B 466,2162,8546,,
,DEF_MES_PT,TOR,17,12,9,1,0,B 467,2163,8547,,
,T_CIBLE_OK,TOR,17,12,10,1,0,B 470,2164,8548,,
,T_CI_RINC,TOR,17,12,11,1,0,B 471,2165,8549,,
,T_VIDE_RIN,TOR,17,12,12,1,0,B 472,2166,8550,,
,TEST_HE_OK,TOR,17,12,13,1,0,B 473,2167,8551,,
,C_CRYO_OK,TOR,17,12,14,1,0,B 474,2168,8552,,
,Libre,TOR,17,12,15,1,0,B 475,2169,8553,,
,VT_CI_HE3,TOR,17,13,0,1,0,B 476,2170,8560,,
,DEF_CH_HE3,TOR,17,13,1,1,0,B 477,2171,8561,,
,SENS_H2,TOR,17,13,2,1,0,B 480,2172,8562,,
,SENS_D2,TOR,17,13,3,1,0,B 481,2173,8563,,
,DEM_FV_2KH,TOR,17,13,4,1,0,B 482,2174,8564,,
,ALARME_CS1,TOR,17,13,5,1,0,B 483,2175,8565,,
,ALARME_CS2,TOR,17,13,6,1,0,B 484,2176,8566,,
,PASCPR_HE3,TOR,17,13,7,1,0,B 485,2177,8567,,
,PASDCPRHE3,TOR,17,13,8,1,0,B 486,2178,8568,,
,POMPCOMP,TOR,17,13,9,1,0,B 487,2179,8569,,
,E_E1,TOR,17,13,10,1,0,B 490,2180,8576,,
,E_E2,TOR,17,13,11,1,0,B 491,2181,8577,,
,E_EBP,TOR,17,13,12,1,0,B 492,2182,8578,,
,E_ET1,TOR,17,13,13,1,0,B 493,2183,8579,,
,E_ET2,TOR,17,13,14,1,0,B 494,2184,8580,,
,SENS_HE4,TOR,17,13,15,1,0,B 495,2185,8581,,
,SENS_HE3,TOR,17,14,0,OUI,NON,B 496,2186,8582,,
,BET_HEAT,TOR,17,14,1,OUI,NON,B 497,2187,8583,,
,VALIDECR_1,TOR,17,14,2,OUI,NON,B 4A0,2188,8584,,
,VALIDECR_2,TOR,17,14,3,OUI,NON,B 4A1,2189,8585,,
,VALIDECR_3,TOR,17,14,4,MANU,AUTO,B 4A2,2190,8592,,
,VALIDECR_4,TOR,17,14,5,MANU,AUTO,B 4A3,2191,8593,,
,AUTOMANU_1,TOR,17,14,6,MANU,AUTO,B 4A4,2192,8594,,
,AUTOMANU_2,TOR,17,14,7,MANU,AUTO,B 4A5,2193,8595,,
,AUTOMANU_3,TOR,17,14,8,1,0,B 4A6,2194,8596,,
,AUTOMANU_4,TOR,17,14,9,1,0,B 4A7,2195,8597,,
,A_M_HE4,TOR,17,14,10,1,0,B 4B0,2196,8598,,
,A_M_5KH,TOR,17,14,11,1,0,B 4B1,2197,8599,,
,A_M_HE3,TOR,17,14,13,1,0,B 4B2,2198,8600,,
,PID_HE4,TOR,17,14,14,1,0,B 4B3,2199,8601,,
,Libre,TOR,17,14,15,1,0,B 4B4,2200,8704,,
,PID_HE3,TOR,17,15,0,1,0,B 4B5,2201,8705,,
,A_M_H2,TOR,17,15,1,1,0,B 4B6,2202,8706,,
,A_M_D2,TOR,17,15,2,1,0,B 4B7,2203,8707,,
,BET0007_H2,TOR,17,15,3,1,0,B 4C0,2204,8708,,
,BET0008_H2,TOR,17,15,4,1,0,B 4C1,2205,8709,,
,BET0009_H2,TOR,17,15,5,1,0,B 4C2,2206,8710,,
,BET000A_H2,TOR,17,15,6,1,0,B 4C3,2207,8711,,
,BET000B_H2,TOR,17,15,7,1,0,B 4C4,2208,8712,,
,BET000C_H2,TOR,17,15,8,1,0,B 4C5,2209,8713,,
,BET000D_H2,TOR,17,15,9,1,0,B 4C6,2210,8720,,
,BET0007_HE,TOR,17,15,10,1,0,B 4C7,2211,8721,,
,BET0007_D2,TOR,17,15,11,1,0,B 4D0,2212,8722,,
,BET0008_D2,TOR,17,15,12,1,0,B 4D1,2213,8723,,
,BET0009_D2,TOR,17,15,13,1,0,B 4D2,2214,8724,,
,BET000A_D2,TOR,17,15,14,1,0,B 4D3,2215,8725,,
,BET000B_D2,TOR,17,15,15,1,0,B 4D4,2216,8726,,
,BET000C_D2,TOR,17,16,0,1,0,B 4D5,2217,8727,,
,BET000D_D2,TOR,17,16,1,1,0,B 4D6,2218,8728,,
,BET0008_HE,TOR,17,16,2,1,0,B 4D7,2219,8729,,
,ETAT_EANA1,TOR,17,16,3,1,0,B 4E0,2220,8736,,
,ETAT_EANA2,TOR,17,16,4,1,0,B 4E1,2221,8737,,
,ETAT_EANA3,TOR,17,16,5,1,0,B 4E2,2222,8738,,
,ETAT_EANA4,TOR,17,16,6,1,0,B 4E3,2223,8739,,
,ETAT_EANA5,TOR,17,16,7,1,0,B 4E4,2224,8740,,
,ETAT_ETOR1,TOR,17,16,9,1,0,B 4E5,2225,8741,,
,ETAT_ETOR2,TOR,17,16,10,1,0,B 4E6,2226,8742,,
,ETAT_ETOR3,TOR,17,16,11,1,0,B 4E7,2227,8743,,
,Libre,TOR,17,16,12,1,0,B 4F0,2228,8744,,
,ETAT_SANA1,TOR,17,16,13,1,0,B 4F1,2229,8745,,
,ETAT_SANA2,TOR,17,16,14,1,0,B 4F2,2230,8752,,
,ETAT_SANA3,TOR,17,16,15,1,0,B 4F3,2231,8753,,
,ETAT_STOR1,TOR,18,1,0,1,0,B 4F4,2232,8754,,
,ETAT_STOR2,TOR,18,1,1,1,0,B 4F5,2233,8755,,
,BET_N2,TOR,18,1,2,1,0,B 4F6,2234,8756,,
,BET_PP,TOR,18,1,3,1,0,B 4F7,2235,8757,,
